{"cameraMode":{"drawMode":0,"name":"Shaded","section":"Shading Mode"},"sceneLighting":true,"audioPlay":false,"sceneViewState":{"m_AlwaysRefresh":false,"showFog":true,"showSkybox":true,"showFlares":true,"showImageEffects":true,"showParticleSystems":true,"showVisualEffectGraphs":true,"m_FxEnabled":true},"in2DMode":false,"pivot":{"x":-18.97782325744629,"y":0.12810516357421876,"z":-10.90966510772705},"rotation":{"x":0.7113246917724609,"y":-0.004217146895825863,"z":0.004267914220690727,"w":0.7028389573097229},"size":17.073869705200197,"orthographic":false}