{"cameraMode":{"drawMode":0,"name":"Shaded","section":"Shading Mode"},"sceneLighting":true,"audioPlay":false,"sceneViewState":{"m_AlwaysRefresh":false,"showFog":true,"showSkybox":true,"showFlares":true,"showImageEffects":true,"showParticleSystems":true,"showVisualEffectGraphs":true,"m_FxEnabled":true},"in2DMode":false,"pivot":{"x":-11.628863334655762,"y":2.2186875343322756,"z":16.980024337768556},"rotation":{"x":0.7113246917724609,"y":-0.004217146895825863,"z":0.004267914220690727,"w":0.7028389573097229},"size":33.50431442260742,"orthographic":false}