{"cameraMode":{"drawMode":0,"name":"Shaded","section":"Shading Mode"},"sceneLighting":true,"audioPlay":false,"sceneViewState":{"m_AlwaysRefresh":false,"showFog":true,"showSkybox":true,"showFlares":true,"showImageEffects":true,"showParticleSystems":true,"showVisualEffectGraphs":true,"m_FxEnabled":true},"in2DMode":false,"pivot":{"x":-6.0269927978515629,"y":2.264143466949463,"z":13.180325508117676},"rotation":{"x":0.7113246917724609,"y":-0.004217146895825863,"z":0.004267914220690727,"w":0.7028389573097229},"size":61.15350341796875,"orthographic":false}